ACC,F1,TPR,FPR,,,ACC,F1,TPR,FPR,ACC_std,F1_std,TPR_std,FPR_std
0.558328681,0.429611835,0.512807364,0.419747904,,,0.862659478,0.805142255,0.730736371,0.052652963,0.075096349,0.103734059,0.119944596,0.064289707
0.649994583,0.343252156,0.407392319,0.279566886,,,,,,,,,,
0.633328056,0.449520487,0.3599928,0.171426122,,,,,,,,,,
0.691660903,0.531182561,0.403838388,0.088233997,,,,,,,,,,
0.74999375,0.614908955,0.4799904,0.057142041,,,,,,,,,,
0.824993125,0.726784583,0.583321181,0.013888696,,,,,,,,,,
0.758327014,0.622905374,0.4799904,0.042856531,,,,,,,,,,
0.741660486,0.64322714,0.474568228,0,,,,,,,,,,
0.833326389,0.736357633,0.583321181,0,,,,,,,,,,
0.841659653,0.724147331,0.581381828,0.012986844,,,,,,,,,,
0.849992917,0.742350929,0.634130875,0.037974203,,,,,,,,,,
0.908325764,0.844558901,0.731689471,0,,,,,,,,,,
0.849992917,0.756249765,0.651147648,0.038960533,,,,,,,,,,
0.833326389,0.761405066,0.6399872,0.02857102,,,,,,,,,,
0.883325972,0.810298325,0.714268708,0.025640697,,,,,,,,,,
0.874992708,0.814304213,0.717375709,0.027026662,,,,,,,,,,
0.866659445,0.799488115,0.711095309,0.039999467,,,,,,,,,,
0.833326389,0.755594005,0.645819879,0.041666088,,,,,,,,,,
0.891659236,0.856634503,0.749985577,0,,,,,,,,,,
0.916659028,0.860593648,0.774980625,0.012499844,,,,,,,,,,
0.908325764,0.848803434,0.738077665,0,,,,,,,,,,
0.874992708,0.799493982,0.681802686,0.013157722,,,,,,,,,,
0.908325764,0.830253544,0.729710008,0.012048048,,,,,,,,,,
0.858326181,0.760059025,0.642841837,0.025640697,,,,,,,,,,
0.883325972,0.787362567,0.702683711,0.036144143,,,,,,,,,,
0.908325764,0.848796686,0.774980625,0.024999688,,,,,,,,,,
0.924992292,0.879484009,0.785695579,0,,,,,,,,,,
0.8999925,0.84159585,0.727256199,0,,,,,,,,,,
0.908325764,0.860247675,0.755538766,0,,,,,,,,,,
0.8999925,0.856629819,0.76594115,0.013698442,,,,,,,,,,
0.883325972,0.820003906,0.711095309,0.013333156,,,,,,,,,,
0.858326181,0.760059025,0.642841837,0.025640697,,,,,,,,,,
0.908325764,0.819152138,0.735272492,0.023255544,,,,,,,,,,
0.908325764,0.80649338,0.741911551,0.033707486,,,,,,,,,,
0.966658611,0.925392589,0.892825256,0.010869447,,,,,,,,,,
0.94165882,0.884723737,0.794094291,0,,,,,,,,,,
0.924992292,0.851934716,0.787854913,0.022988242,,,,,,,,,,
0.883325972,0.780749801,0.641009205,0,,,,,,,,,,
0.866659445,0.723634679,0.599982858,0.023529135,,,,,,,,,,
0.974991875,0.926287003,0.863597109,0,,,,,,,,,,
0.983325139,0.954003362,0.913003782,0,,,,,,,,,,
0.949992083,0.888362415,0.799973334,0,,,,,,,,,,
0.908325764,0.819152138,0.735272492,0.023255544,,,,,,,,,,
0.966658611,0.925392589,0.892825256,0.010869447,,,,,,,,,,
0.924992292,0.851931495,0.838682623,0.044943315,,,,,,,,,,
0.933325556,0.885190893,0.837815194,0.024096095,,,,,,,,,,
0.94165882,0.894996937,0.857118368,0.023529135,,,,,,,,,,
0.94165882,0.903587439,0.84613215,0.012345527,,,,,,,,,,
0.94165882,0.903587439,0.84613215,0.012345527,,,,,,,,,,
0.949992083,0.918397639,0.849978751,0,,,,,,,,,,
0.916659028,0.864343239,0.820491782,0.03703658,,,,,,,,,,
0.949992083,0.918395815,0.871772519,0.012345527,,,,,,,,,,
0.958325347,0.936185494,0.924976876,0.024999688,,,,,,,,,,
0.933325556,0.906455928,0.906955652,0.051947377,,,,,,,,,,
0.94165882,0.919019429,0.909070248,0.039473165,,,,,,,,,,
0.949992083,0.929711464,0.909070248,0.026315443,,,,,,,,,,
0.983325139,0.976750773,0.977250517,0.013157722,,,,,,,,,,
0.966658611,0.957814496,0.9199816,0,,,,,,,,,,
0.94165882,0.922558415,0.874981771,0.013888696,,,,,,,,,,
0.883325972,0.862233272,0.785700255,0.031249512,,,,,,,,,,
0.916659028,0.90514641,0.84209049,0.015872764,,,,,,,,,,
0.866659445,0.842627931,0.75437273,0.031745528,,,,,,,,,,
0.849992917,0.815812049,0.769215977,0.088233997,,,,,,,,,,
0.841659653,0.807566066,0.769215977,0.102939663,,,,,,,,,,
0.824993125,0.763529678,0.809504536,0.16666453,,,,,,,,,,
0.841659653,0.811369385,0.745440992,0.076921894,,,,,,,,,,
0.816659861,0.755041316,0.708318577,0.111109568,,,,,,,,,,
0.883325972,0.824479678,0.824979376,0.087498906,,,,,,,,,,
0.858326181,0.812669791,0.787217293,0.095889097,,,,,,,,,,
0.866659445,0.809005127,0.790679287,0.09090791,,,,,,,,,,
0.816659861,0.73758508,0.659560435,0.082190655,,,,,,,,,,
0.816659861,0.770339272,0.637920036,0.016128772,,,,,,,,,,
0.816659861,0.760376951,0.624988839,0.015624756,,,,,,,,,,
0.833326389,0.755594005,0.645819879,0.041666088,,,,,,,,,,
0.891659236,0.834928668,0.749982955,0.026315443,,,,,,,,,,
0.824993125,0.768724379,0.67306398,0.058822664,,,,,,,,,,
0.783326806,0.739519292,0.587292265,0,,,,,,,,,,
0.874992708,0.804678329,0.738077665,0.051281394,,,,,,,,,,
0.841659653,0.758988294,0.652159736,0.040539993,,,,,,,,,,
0.824993125,0.758111562,0.673455644,0.070421543,,,,,,,,,,
0.883325972,0.810290665,0.769211046,0.061727633,,,,,,,,,,
0.883325972,0.810289571,0.789452909,0.073169839,,,,,,,,,,
0.849992917,0.790186354,0.708318577,0.055554784,,,,,,,,,,
0.849992917,0.815823488,0.701742075,0.015872764,,,,,,,,,,
0.808326597,0.788488812,0.682528849,0.052630656,,,,,,,,,,
0.824993125,0.803233419,0.704906477,0.050846596,,,,,,,,,,
0.816659861,0.795795735,0.682528849,0.035087104,,,,,,,,,,
0.741660486,0.679917865,0.568955708,0.096772633,,,,,,,,,,
0.883325972,0.843929921,0.775494378,0.042252926,,,,,,,,,,
0.816659861,0.783805577,0.701742075,0.07936382,,,,,,,,,,
0.783326806,0.754217471,0.645150885,0.068964328,,,,,,,,,,
0.808326597,0.776184693,0.754702741,0.149251504,,,,,,,,,,
0.741660486,0.738986564,0.687489258,0.196425064,,,,,,,,,,
0.724993958,0.751386368,0.632903381,0.097558596,,,,,,,,,,
0.799993333,0.814874269,0.76810481,0.156859669,,,,,,,,,,
0.841659653,0.862797867,0.833321759,0.145830295,,,,,,,,,,
0.841659653,0.870238612,0.820502301,0.119044785,,,,,,,,,,
0.833326389,0.864353558,0.853321956,0.199995556,,,,,,,,,,
0.849992917,0.884106378,0.831315285,0.108105186,,,,,,,,,,
0.841659653,0.866621248,0.849303434,0.170209144,,,,,,,,,,
