x,y
-64.52899,-9.630017
-62.91481,-10.4693575
-58.267593,-11.968665
-57.105476,-12.041247
-44.945507,0.82761633
2.6510005,-23.243214
22.473398,11.511246
-44.412804,2.4164572
-61.75249,-10.84563
-48.21999,-7.8790016
-44.734573,2.1904638
2.9113224,14.092455
-47.46916,-6.9977403
-53.780117,-11.8961935
-64.846085,-9.834614
-45.612526,-1.6946167
3.4179132,-21.157026
25.97256,-7.87908
-38.50658,14.991242
14.484423,19.66191
-34.773148,17.906422
-31.547424,18.940638
2.1320407,10.8707695
23.015488,9.946588
2.5438576,-5.7388396
-44.108475,3.9948952
-44.7571,1.2837607
-52.04961,-11.669158
-61.662495,-10.882372
-54.21687,-12.095447
-43.71277,5.540368
44.849148,-11.225459
28.411839,-12.926725
-27.43634,18.691465
-65.78125,-9.026544
-65.10153,-9.25715
-57.390507,-12.331741
-60.559193,-11.301041
-60.653828,-11.268441
-57.44875,-11.909744
1.7097768,1.2834089
2.6705494,13.087162
-31.150177,19.006304
-54.173065,-12.088984
-60.868404,-11.184114
-43.216293,7.2871337
-47.66527,-7.3821645
-42.594246,9.472178
-63.04669,-10.116319
-60.782356,-11.217025
-45.974964,-3.607318
2.1039083,-4.682253
-38.13935,15.259832
-22.190876,14.205399
-38.229958,15.479763
-27.202381,18.625977
-40.138798,13.22818
3.028257,15.061651
48.30896,-6.124545
34.494396,-16.01543
21.055685,14.369439
-3.0585575,-26.863214
-19.989859,7.7678094
-38.496613,15.385828
-39.058582,14.573445
-19.588556,3.8937857
2.0222147,10.257267
1.7049639,7.409757
-44.53297,2.5700402
-56.367706,-12.181204
-38.558167,15.388524
-45.19086,-0.15041205
-45.815388,-2.5446773
-64.133286,-9.696142
-53.37469,-11.781318
-45.390953,-0.69466555
31.531773,-15.579323
-18.037666,-9.293208
-50.679615,-10.536644
-51.448162,-11.18173
-52.5739,-11.518961
-43.432167,6.727115
-50.597927,-10.458983
-46.45797,-4.2952094
-47.27094,-6.37952
-38.809513,14.915926
2.055175,-2.8501577
-27.896036,19.113615
-35.773735,17.326187
-1.8524901,-26.780289
-34.753113,17.915405
-36.910213,16.514254
10.130749,20.624058
42.093456,-13.625966
4.956938,17.500288
1.8772438,3.3322153
-7.469342,-26.883877
-20.942726,11.540316
1.8251514,-0.5956864
2.2069275,-5.9987264
2.1203792,-3.574243
-23.186007,15.523044
-10.207601,-25.241499
-18.598036,-4.6854067
-41.627117,10.8613
-19.62371,3.4656174
-17.869722,-8.504014
-42.548706,9.579776
-45.068817,0.44708616
-52.29532,-11.798189
-17.68199,-13.156435
3.1463993,-21.707458
-4.828638,-27.00282
-39.350742,14.22902
-45.318653,-0.44418827
-33.684055,18.510698
-29.791065,19.1179
7.167701,19.437244
2.9645262,14.952693
10.106332,20.571997
40.816418,-14.2436495
7.6658044,19.681396
2.172439,-4.097567
3.0142694,14.05866
1.8493639,9.134458
-22.722483,14.854131
2.021363,-5.1589684
4.884085,17.3907
27.218973,-11.042091
4.086687,16.320282
-42.62883,8.951563
-22.77377,15.007361
-19.280596,0.5928642
-15.494674,-18.177402
5.881108,18.249014
-16.223402,-16.672035
-39.4102,14.174837
-31.573587,18.936232
1.6293075,5.99813
-2.8037853,-27.020323
-20.709051,10.7685375
-20.711346,10.469105
1.7812498,3.1398675
1.9155136,2.4016871
5.332824,17.977095
22.771593,10.688915
25.087233,-3.6986153
-8.637684,-26.31818
-33.94522,18.426321
-5.9641685,-26.966719
2.0634627,-23.942102
5.171824,17.728292
40.889545,-14.205323
53.548767,5.915311
54.523125,8.236622
50.86153,-0.47626585
47.6517,-7.3836465
22.400808,11.700677
24.900007,-1.6684414
24.61516,0.9845262
24.14999,4.145881
-1.4381343,-26.236609
50.112026,-2.8981133
52.68443,3.7400854
9.564294,20.7686
1.8700936,0.041539557
-43.23684,7.2246547
-26.643768,18.231176
-22.399405,14.585128
-20.84847,11.288748
-37.70894,15.956232
-45.94465,-3.0936363
-46.831783,-5.350033
-19.530365,3.3045409
2.02107,-5.0646405
1.7509038,-23.78738
-2.4910815,-26.807888
1.8903946,3.5959122
2.080609,-3.0788531
25.807499,-6.9835105
45.634216,-10.319526
49.747208,-2.716741
9.476286,20.677076
25.618307,-6.7123466
-18.62601,-5.5618787
-33.334423,18.52364
-37.799652,15.765653
1.8677101,9.415547
28.421572,-12.928372
38.477406,-15.468656
46.41023,-9.314375
20.749916,14.814922
-21.433,12.749226
24.504768,1.8995802
31.573528,-15.564399
1.6033278,5.0956893
48.020836,-6.689794
43.95106,-12.075749
57.43984,13.465349
55.889893,10.667762
1.7944683,-24.233088
-19.422731,2.1687942
-40.785866,12.283607
2.8435335,-23.071945
-20.785011,11.118473
-21.193834,12.169988
-46.506496,-4.548948
-44.552464,1.830441
-34.745224,17.918833
2.5043874,12.481794
48.078922,-6.579321
1.9579033,9.886484
-43.515907,6.4045033
-46.45709,-3.9334803
-28.816574,19.015987
29.36694,-13.943394
51.12119,-0.14637654
56.994236,12.516766
24.811247,0.07084894
1.6437558,6.48209
-57.991703,-12.074536
-62.62576,-10.4796095
-51.00777,-10.83885
-38.058525,15.641372
-20.283419,9.818506
-22.584908,14.768035
-47.46835,-6.7507873
-43.82327,5.1439786
-42.764946,8.476432
1.7118242,7.609719
25.003063,-2.5759614
9.705225,20.38917
55.500187,9.979278
60.022243,16.26164
57.31382,13.032314
33.859123,-15.969405
-43.86562,5.253018
-18.95008,-2.7949414
-5.1375484,-27.008661
3.3120077,-21.781322
-18.933182,-4.4203672
-21.144424,12.056593
-40.674213,12.480866
19.199545,17.136328
32.64694,-15.792345
53.024826,4.6115894
25.01432,-2.7609777
-45.406464,-0.8716071
-56.312943,-12.190226
-46.150913,-3.1894698
1.771853,0.56008327
50.48175,-1.2449459
51.767048,1.4080976
57.183937,12.79879
-44.440678,2.852408
-63.058468,-10.49316
-66.22324,-9.082464
-53.42729,-12.130542
-28.924158,19.295809
-29.307207,19.192848
-44.07411,4.1135483
-47.813366,-7.0177217
-57.154346,-12.303607
-36.467716,16.874271
-28.539875,18.871456
-21.897516,13.703097
28.23703,-12.555814
54.04824,7.675618
61.94577,18.15229
60.10648,16.980625
25.554335,-7.250436
-41.261936,11.406003
-35.883427,17.257448
3.5082603,-21.510761
-20.797522,11.149323
-31.138737,19.004536
-19.31757,0.023679942
3.1885011,-21.755104
13.561044,20.30645
58.850395,15.235857
58.195053,14.272699
32.767715,-15.801396
-17.173504,-14.406123
-30.508865,19.075373
-21.595467,13.080743
-20.204353,8.813327
14.730603,20.061266
58.848717,15.182871
43.75845,-12.263028
8.259345,20.43327
-63.780544,-10.248056
-61.07876,-11.101326
-44.862103,1.2744058
1.5974667,4.05605
1.6406214,6.2304893
-38.035423,15.830626
-47.268887,-6.3725786
-5.7996883,-26.981356
-41.007076,11.909191
1.34198,-24.347761
-34.56064,18.098545
11.402235,20.606606
55.627625,10.208886
61.5808,17.930948
60.265827,16.504366
21.472357,13.625492
-44.300987,3.3025587
-41.683525,10.830995
-15.172706,-18.247503
-39.850266,13.607462
-22.127716,14.260396
-20.479887,10.499004
-21.131172,12.000858
50.0398,-2.283735
52.70379,3.7813632
23.328985,8.82626
20.91694,14.578474
5.394912,17.99072
27.794334,-12.212684
3.612377,15.607613
-23.310078,15.605761
1.3794922,3.1065557
37.492783,-15.772422
58.609028,14.849979
15.091097,19.949223
-28.44469,18.704596
-44.86136,1.6013197
-20.405006,9.201626
3.1847348,14.298182
1.8644753,9.318733
-32.484653,18.754608
23.709974,7.1119146
2.42796,-6.4496064
52.47961,3.2133133
-37.675705,15.908089
-29.189425,19.168577
-46.935856,-5.592054
41.980713,-13.701123
56.116806,11.054961
54.0287,7.6172442
23.871567,6.428865
-40.331078,12.9700575
-35.45597,17.529606
-20.241781,8.899178
-23.305227,15.627792
-19.71385,5.0793552
1.7653048,-0.04589234
24.039213,1.1853772
1.277999,-0.72343266
53.58839,6.0086627
-41.542686,11.079699
-52.007088,-11.639706
-34.296635,18.293142
27.412403,-11.440666
35.353725,-16.020653
-33.068085,18.686228
-40.986195,11.979147
24.89639,-1.8458495
46.691975,-8.912991
54.645515,7.904447
37.841843,-15.658352
24.13495,4.737243
22.208317,12.122207
19.94562,15.959636
1.4059834,3.0519764
24.245195,3.879074
1.7193675,8.565496
60.192566,16.417166
7.030011,19.272905
24.835583,-0.5324976
-63.250446,-10.455114
-52.100224,-11.279303
-47.044533,-5.8302183
35.206764,-16.026686
50.38456,-1.8620642
42.68208,-13.184399
1.6238636,5.9096355
1.711059,1.1414244
2.51248,-4.864375
24.17601,5.9095736
7.9537873,19.8132
49.33595,-3.9709563
2.1685216,8.66872
23.711056,-2.3803074
-27.91933,19.50508
-54.006638,-12.055934
-65.682076,-9.02863
-55.821434,-12.192325
22.386784,12.020607
24.630318,1.2640675
9.026238,20.077394
-43.36446,6.310707
-19.608616,4.0920963
40.90779,-14.621762
52.972473,4.476646
54.239002,7.9922214
54.871635,8.8124695
49.77201,-3.2473001
47.369007,-7.856391
43.57346,-12.461198
25.292353,-5.06892
57.995514,14.057033
50.22191,-2.4497182
57.845974,13.72266
-42.603786,9.373088
-46.434288,-3.8394268
-65.14045,-9.767565
-44.98662,0.5921815
18.902039,16.836184
51.838413,1.5891476
54.232956,7.984985
27.839378,-12.456224
-28.00036,18.678087
21.838531,12.9257765
-21.320868,12.508509
39.269314,-15.204156
11.956815,20.563322
39.486828,-15.867755
-22.768211,14.0512495
-13.40363,-14.187726
-46.243473,-4.274198
-65.195816,-9.749499
-64.11591,-10.0556755
-22.590612,15.067528
51.79768,1.4825191
19.307816,16.78285
8.228043,19.810286
1.3913347,3.906388
34.334694,-16.007322
53.75707,6.430507
55.04816,9.144374
53.805786,7.0820456
53.194313,5.0204225
50.20589,-2.663335
47.369568,-7.853045
51.97094,1.9214076
50.757965,-0.58303434
59.602325,16.410746
46.492832,-9.197999
25.431671,-5.8253646
-43.70182,5.656454
-42.26529,9.235311
-28.651175,18.888107
44.203896,-11.853217
60.492428,17.201712
59.00217,15.622821
42.108562,-13.613599
-21.648281,13.201482
-56.83498,-12.120973
-28.01243,18.618536
-47.997566,-7.2923384
30.475887,-14.794953
2.9958777,-22.959435
32.14296,-16.21009
4.257681,-21.878296
-45.172886,-1.4446099
-65.70402,-9.546276
-64.842995,-9.409096
-40.441498,12.807178
1.9309927,-1.2368344
25.080877,-3.2498655
-4.385647,-26.979559
2.167123,11.032991
48.99316,-4.7149734
51.0301,-0.7563095
51.969505,1.9165668
48.06953,-6.597435
40.835316,-14.6241
40.0413,-14.880461
38.245068,-15.562331
35.6289,-16.003582
51.149624,-0.07321535
49.862305,-2.4965034
52.30923,2.777636
29.675436,-14.223498
23.464844,8.240092
20.928291,14.577777
31.967793,-15.3833
59.73525,16.658192
62.360413,18.303463
63.199158,18.445192
54.375736,7.2622347
-45.736305,-2.1485038
-53.662346,-11.842461
-66.77853,-8.456572
-42.459476,9.0753565
-28.035416,19.14979
38.69328,-15.897475
0.69464713,-0.49395123
2.2986295,8.4292
-53.808872,-12.222206
-62.912724,-10.204542
-63.368496,-10.42246
-52.59693,-11.532957
-23.890606,16.147213
-32.77172,18.591095
-40.04744,13.348219
22.505894,11.423999
25.07315,-3.5047607
52.901398,4.281205
31.89372,-15.710822
31.452353,-15.276717
25.97804,-7.276439
25.340666,-5.421703
26.857794,-10.246037
26.71445,-9.907286
19.995464,15.900988
34.7768,-16.026985
32.71883,-15.795882
35.704197,-15.999686
45.44584,-10.552359
42.766052,-13.116688
55.294758,9.601277
60.949196,17.495855
63.33827,18.463573
63.084923,18.424006
58.425095,14.61329
-42.13902,9.493589
-66.83665,-8.396476
-61.68802,-10.870685
-57.693737,-11.935459
7.799082,17.973717
11.547215,17.828367
-37.855328,17.18713
-48.82377,-8.582322
-44.294685,-0.60346615
-41.839104,10.553706
-51.089924,-10.917933
-40.536476,12.669452
-43.578773,6.2661877
-22.630718,15.119174
7.626322,19.799534
23.107655,9.663706
57.112614,12.702439
44.421066,-11.656895
49.75629,-2.6986997
24.767088,-0.12263149
24.97515,-2.0954115
24.266489,3.911614
23.212029,9.313122
12.861318,20.486485
2.2194033,11.265556
1.9935702,10.087774
24.321491,3.3914785
26.433004,-9.206294
28.337826,-12.858441
46.01689,-9.841497
51.074272,-0.32620013
60.443863,16.808683
62.26621,18.2776
63.247196,18.44903
47.649353,-7.3879743
-46.266632,-3.3478332
-58.060337,-12.03919
-65.365204,-9.130304
-41.441006,11.697588
-13.186526,-14.217351
-23.74819,13.276866
-41.249603,6.3501506
-56.69214,-12.821308
27.434322,-13.4605255
20.938368,15.256426
24.488503,2.097709
-27.756798,18.618572
25.398157,-5.605576
24.93928,-1.4084121
50.44758,-1.4091268
59.152893,15.35117
53.80277,6.5961757
57.57712,13.160932
27.639946,-11.878271
31.656477,-15.633144
23.346064,8.75466
18.733978,17.56593
18.692406,17.05815
5.5374317,18.132856
1.919983,9.657511
15.13786,19.684137
19.448002,16.566013
24.105944,4.9768524
23.794754,6.1854043
21.955463,12.686741
30.620255,-14.896077
52.85858,4.1729155
62.1712,18.247072
59.865223,16.799212
56.0085,10.877757
-26.634285,18.212673
-46.109684,-3.911262
-36.091213,17.122763
-32.542175,18.895615
-26.593227,20.073
7.2808394,16.175869
-41.203857,6.355788
-12.607091,-14.53044
44.14626,-12.172298
53.25837,5.1949277
20.279438,15.514225
54.631737,7.8332353
40.053932,-14.858663
58.73109,15.006528
55.875328,10.643191
55.80436,10.519169
57.646942,13.712528
42.887203,-13.02035
49.55358,-3.4836433
25.658796,-7.5174437
25.134523,-4.0850453
21.188135,14.15498
9.941047,20.459362
14.202839,20.30315
17.614834,18.20619
24.829277,-0.5183773
24.156717,5.954068
22.210236,12.114447
14.858133,19.852198
1.9897704,10.05025
18.151634,17.59714
53.28424,5.260132
59.051224,15.688758
62.374905,18.307219
43.53434,-12.497712
37.692482,-15.782043
-18.578667,-5.8308864
-20.036,7.9426103
-20.266687,7.599936
-13.28663,-13.943042
-20.918518,7.314099
11.906432,17.772892
23.178846,-0.9669543
2.0648568,-2.919971
-16.235928,-17.191074
53.317,5.3511763
49.567074,-3.4297533
61.666687,17.98976
56.116234,11.053995
58.230606,14.314166
54.06144,6.6967974
46.3369,-9.416477
48.39104,-5.9560394
37.295868,-15.805017
43.405575,-12.607128
25.450186,-5.9976053
21.98711,12.630539
2.313836,11.689552
2.8932176,14.573588
22.373198,11.735541
24.697224,0.6198088
24.095032,4.9935856
23.359356,8.698152
9.393749,20.36348
6.120244,18.636202
2.5779994,12.778651
47.900204,-6.9296994
60.61878,17.2258
60.923855,17.476208
60.734344,17.316216
24.846031,-0.8021039
19.017105,17.381807
-20.61151,10.175022
-22.312054,14.452267
-23.491543,14.737668
-27.068758,19.963255
-42.326313,6.0524216
-42.044807,9.790282
-60.11327,-11.449571
-19.49765,3.590581
24.997719,-2.5930052
59.43302,15.823964
56.9107,12.374151
59.89525,16.824486
50.7591,-1.3473049
43.99095,-12.032082
28.732096,-13.3281975
25.21817,-4.6219563
45.321693,-10.695835
45.936264,-9.948612
37.93299,-15.718871
23.732878,6.9958897
10.215782,20.5561
3.6298125,15.261132
22.300661,11.794335
27.912302,-12.109631
24.61144,1.4044212
25.59191,-7.210487
30.98423,-15.139161
18.260366,17.89008
23.1366,9.574801
25.321684,-5.270065
59.447464,16.097925
61.925156,18.14183
57.8513,13.714907
55.36726,9.733996
-9.546667,-25.929218
-8.899912,-26.22393
-19.869741,6.3362613
-19.360725,1.468794
-43.525276,5.100274
-59.428608,-11.664245
-57.48301,-12.33316
-60.271385,-11.395343
-48.49288,-8.183453
24.201456,5.681393
49.393215,-3.847918
57.433617,13.450492
51.040855,-0.73286426
47.75245,-7.1958513
25.469198,-6.2362633
12.107137,20.579231
25.981628,-7.8058853
39.02645,-15.264076
47.608864,-7.447231
39.11663,-15.229401
29.583557,-14.142628
21.554087,13.472059
12.647611,20.52342
24.404053,2.7014048
25.983818,-7.297966
30.647387,-14.913826
38.744225,-15.369467
40.0724,-14.858939
42.278625,-13.484058
1.6972681,1.7664953
28.13403,-12.336868
50.65468,-1.5690296
60.005028,16.26313
59.189888,15.387011
29.113194,-13.704888
46.464916,-9.239013
-7.2810774,-27.03139
3.318137,-22.113745
-19.594105,3.9118319
-47.434174,-6.638252
-59.754314,-11.563971
-66.68953,-8.557837
-64.05467,-10.088127
-44.683437,2.2964833
-19.009682,-2.2814615
39.7321,-14.991527
40.27748,-14.77622
44.633663,-11.462958
26.902664,-10.347821
16.800793,18.739737
19.30417,16.662716
20.514734,15.147321
29.505293,-14.06067
32.248314,-15.613296
41.3231,-14.164262
28.147833,-12.718046
23.255877,9.13799
13.117221,20.43858
23.258936,9.1229315
29.33456,-13.900199
31.975376,-15.388801
44.856087,-11.218304
52.023693,2.0545378
41.15271,-14.314266
3.5750325,15.58729
-30.076767,19.11647
24.316517,4.1058993
30.108608,-14.544106
23.02882,9.903115
33.385643,-15.924067
-18.093122,-9.190681
-19.173702,-0.5958506
-42.790623,8.423615
-44.70221,1.8618982
-51.992645,-11.269605
-63.65243,-9.926249
-59.354446,-11.683777
-45.97509,-3.0185075
-45.608086,-1.6575814
3.5191731,14.748765
38.139763,-15.625492
50.651817,-0.7756286
29.86083,-14.35528
29.27961,-13.856275
24.703821,0.18422343
5.663877,18.267221
23.06494,9.791492
23.838512,5.585876
26.640577,-9.728693
31.401438,-15.306442
27.818125,-12.344398
18.29145,17.881233
3.970755,16.130112
17.965715,17.948673
24.218094,4.4270496
27.522987,-11.6424465
47.220055,-8.096811
54.502186,7.503396
51.438076,0.61547184
1.6105934,4.923577
-39.506813,14.049688
-48.02496,-7.5550194
-42.16718,9.3618965
-28.543419,19.406776
-41.987732,10.193971
-19.394367,1.8479108
-38.729473,14.955866
-45.0595,0.43801588
-44.434498,2.818174
-46.593945,-4.741376
-41.31169,11.338847
-50.73917,-10.594007
-44.31301,3.25585
-32.687958,18.675865
15.125861,19.668972
54.665794,8.388496
53.192528,5.027338
49.96646,-3.1108165
33.606205,-15.94678
23.782541,5.737264
23.92961,6.2358456
12.17677,20.57446
19.674747,16.30668
22.923328,10.229709
25.600334,-6.608277
24.936964,-1.496135
20.41557,15.322493
18.337639,17.411007
20.630348,14.957625
24.384874,2.8750734
24.737122,0.027395183
46.785446,-8.772012
54.718166,8.528638
54.355057,7.2232466
8.1785755,20.103142
-45.917843,-3.4298925
-54.854786,-12.154519
-58.07165,-12.055974
-48.12611,-7.7608314
-41.58271,10.948999
-17.446693,-12.7223
-23.643831,15.930106
1.6698118,2.6346116
1.6244062,5.9689198
43.233036,-12.7484865
37.626003,-15.743364
24.158792,5.32868
-33.798996,18.223923
-45.854267,-2.732444
8.304483,19.840319
53.755898,6.7697744
54.119946,6.772593
45.54579,-10.427616
24.25526,4.0054555
20.830393,14.72154
14.027013,20.076305
15.308378,19.609407
8.908337,20.423716
14.00759,20.10826
15.9747505,19.250013
18.696796,17.052206
13.887639,20.28188
8.996585,20.480062
16.250317,19.082277
6.32953,18.778046
17.09914,18.548164
26.056284,-8.305374
51.628944,1.0741564
52.571278,3.443179
24.997484,-3.3414161
-27.58614,18.944813
-53.5786,-12.161455
-51.354202,-11.082428
-45.168365,-0.08678949
-17.86912,-10.320018
2.2090683,-23.727951
46.92302,-8.552451
25.789537,-7.685044
55.69243,10.322438
57.736897,13.350004
59.405262,15.70023
27.531515,-11.639535
-44.748753,1.3510914
-45.43114,-1.0701025
1.3328291,3.4582062
45.504395,-10.477693
46.07959,-9.758528
19.232439,17.022825
2.8957021,14.503203
1.3629513,3.6829011
6.287465,18.745426
7.732366,19.74123
8.720973,20.202742
8.424372,20.11789
10.558839,20.589455
3.103199,15.105512
2.7012813,13.249336
3.450608,14.615013
1.6679167,6.768811
1.5355928,3.9729345
3.5226846,-20.725214
1.9144453,-1.1677176
26.341087,-8.967455
36.218876,-15.950051
24.96263,-2.8568966
-20.504414,9.535532
-33.57123,18.392952
-43.51377,6.137514
-18.23586,-8.022615
-18.997,-2.3880405
44.521927,-11.554165
9.516123,20.321102
51.982304,1.9512368
48.75842,-5.200993
57.288864,13.064522
53.86016,7.219639
27.026812,-10.629164
-42.174137,10.00492
-45.71661,-2.2152095
-19.675314,4.701885
24.980349,-2.7956347
13.915672,20.282118
1.6989148,8.240163
1.2893096,-24.39553
1.9960517,-2.3270757
2.0107129,10.203578
2.6359184,12.99995
3.5322022,14.775547
3.480627,14.661017
1.7847909,3.073181
2.548813,-5.1996
2.5210574,-4.9300933
2.202365,-4.160604
2.5979488,-22.692913
2.4383337,-22.868876
-2.5418415,-26.575006
1.1760402,-24.492275
2.1799557,-5.8438663
17.512835,18.273987
1.745201,0.73882514
-17.286913,-12.794658
-21.825623,13.540163
-19.242462,0.26620385
-17.398384,-12.639968
3.1816208,15.17436
1.8797733,-0.24768263
41.06458,-14.530553
22.134962,12.312681
45.17024,-10.860102
47.054497,-8.362668
41.180923,-14.25392
-18.61617,-5.55962
-34.419907,18.016563
-34.189598,18.12688
-19.626137,4.2794294
1.9995795,-2.369036
1.9545915,-1.9088416
-7.824953,-26.627504
-2.2240708,-26.522562
3.118021,-22.541418
2.5213962,-6.014813
2.051403,-4.8080688
1.579498,2.2653766
1.9789957,-2.1517267
3.194442,-22.391674
-17.46758,-12.424739
-10.358295,-25.658138
-1.9151453,-26.459188
-7.5053797,-26.574873
-17.665157,-11.401943
-10.617771,-24.948109
-19.030172,-2.1058247
-1.9167535,-26.459051
-2.8993676,-26.684
-4.794796,-26.995342
-19.2798,0.57778674
-18.05104,-9.322643
-19.063755,-3.561524
-16.588184,-15.965925
-19.520933,3.4621394
1.7982496,3.881012
-15.259263,-19.04569
4.255554,16.550558
2.0996163,10.698319
16.665966,18.828999
4.3167233,16.635372
-19.141037,0.15206009
-19.48628,2.8981922
-19.802351,5.8350277
-19.377779,1.6678094
-8.347045,-26.42495
-6.988826,-26.604918
-10.761239,-25.480013
-15.849071,-18.034155
-6.9260855,-27.005278
-10.93241,-25.324165
-7.0209823,-26.593473
-1.6124847,-26.36008
1.7426363,-23.802011
-18.13033,-8.971677
-17.376862,-13.216587
-15.297196,-18.986843
-15.5606165,-18.641874
-18.362028,-7.344633
-16.202234,-17.017864
-18.702232,-5.0380335
-17.37787,-13.754726
-18.749907,-4.962163
-7.692852,-26.67576
-10.346178,-25.652382
-17.783447,-10.776166
-9.401581,-25.98219
-16.826042,-15.414924
-17.923489,-10.02636
-19.338232,0.14067917
-18.264927,-8.434761
2.5404415,-22.771477
-18.27121,-8.402275
-11.594159,-24.33444
2.7854087,-22.370758
-3.220206,-26.867353
-19.052393,-3.8892357
-11.095138,-24.93884
-18.936304,-3.004164
-18.276188,-7.9458313
-18.262917,-8.353833
-18.640831,-5.388175
-15.961188,-17.62554
-2.9481285,-26.722345
-16.532635,-16.084038
-10.76571,-25.475977
-17.075928,-14.89625
-10.624373,-24.944826
-11.112113,-24.984575
-17.081652,-14.537933
-19.158073,0.007521044
-16.791306,-14.667268
-17.288214,-13.88658
-16.706783,-14.988289
-16.459108,-16.35475
-4.7524934,-26.99431
-11.154743,-24.846146
-8.938577,-26.192392
-10.64032,-25.562191
-8.156823,-26.509169
-9.281343,-26.040316
-8.705659,-26.290226
-6.8831587,-26.99367
-17.059633,-13.358323
-11.289968,-24.711567
-15.799574,-18.185894
-15.356046,-18.91041
-6.0239987,-26.957367
-15.328861,-18.949038
-7.1385674,-27.017302
-10.02897,-25.611603
-17.00356,-13.509202
-16.363466,-16.670527
-16.61965,-15.755809
-18.651192,-3.6521401
-19.327301,1.0872046
-18.643251,-3.6831636
2.4551284,-6.7653275
2.42983,-6.3869247
2.532732,-5.0154324
-15.950967,-17.642376
-18.258524,-8.061646
-2.4877906,-26.807474
-16.714548,-14.933885
-16.568872,-15.909129
-18.489538,-6.4859076
-18.608055,-4.1522784
-18.991707,-2.4309018
-7.0290747,-26.590755
-4.0463166,-26.955278
2.4298108,-6.3936157
2.2581334,-23.283894
-0.047079112,-25.36682
-10.240397,-25.210512
-17.13431,-13.187574
1.2484775,-24.431726
-16.180714,-17.05946
-19.35401,1.3981675
-19.053381,-3.8811605
-18.351067,-7.4176645
-15.997803,-17.496614
-17.963207,-9.767594
-3.3101594,-26.881895
1.7500869,-23.795258
-4.250681,-26.971107
-6.308687,-26.9386
-16.899563,-14.218649
-18.91951,-4.386549
-16.988287,-15.128965
-18.779087,-3.3004334
-19.174973,-0.57117516
-17.432066,-13.603866
1.71086,7.7191563
24.370668,3.0227041
2.1216366,-3.4997458
-16.68187,-15.357978
-18.610098,-4.1915016
-19.483025,2.8597462
1.7481604,0.76994044
-19.046833,-1.9064357
-19.527164,3.397574
-20.080574,8.224526
-20.162851,9.501445
-16.943563,-13.904175
1.7068082,1.9964286
2.5394092,-5.629395
18.74734,17.561409
2.155191,-3.822595
-9.799357,-25.803926
-1.2753944,-26.161755
-19.154558,-0.7944425
-19.22341,-0.10632987
-37.11026,16.398645
-37.166153,16.35445
-21.616941,13.118172
-21.281883,12.389177
-15.73167,-18.379154
1.7894672,-24.090427
1.7047714,2.0211856
1.6111948,5.414436
-18.20925,-8.687554
-18.5239,-6.243008
-20.516863,10.53118
-20.215132,9.067842
-19.412008,2.0420153
-22.942993,15.29607
-15.092119,-19.296122
24.7055,0.5105203
24.699371,0.4794574
18.084908,17.771725
-20.421984,10.058372
-27.677933,19.006947
1.8015989,3.8803868
-19.11799,-1.1070862
2.1015193,-5.4520087
-32.487114,18.731094
-42.21648,10.000527
-36.71379,16.696499
3.2728393,-21.946863
2.2852964,-4.2386646
32.419292,-15.750007
12.308507,20.550594
25.215715,-4.657254
2.967102,-22.067022
-18.994709,-3.2242684
1.9152428,-0.8279035
-43.24612,7.0814905
-52.720898,-11.890013
-55.795147,-12.20005
-51.383728,-11.108099
-44.468887,2.1798685
-38.66991,15.008713
3.7321694,15.763663
23.784058,5.733501
5.544014,18.136477
-1.3248644,-26.191418
-23.45115,15.749177
-46.703285,-5.039559
-40.501156,12.72668
-42.967567,7.9429364
-31.57986,18.9354
-19.873186,6.653801
25.406227,-5.752625
47.91994,-6.892914
0.37660292,-25.076002
-43.7337,5.4086423
-33.097622,18.647902
-28.34366,19.331125
23.864388,6.4471784
-30.39908,19.087341
-43.56522,6.128612
-52.91412,-11.915558
-42.713356,8.596875
-1.2206732,-26.13384
49.6655,-3.055097
14.459797,19.892706
51.558113,0.9030413
3.9343202,16.044935
1.6091795,5.3165092
2.7730525,13.507002
-20.49992,9.426071
-45.37109,-0.8529358
-64.79643,-9.446499
-65.99862,-9.31324
-63.28341,-10.015564
-63.691895,-9.893751
-47.61919,-7.32009
-22.066143,14.207233
49.198048,-4.2783685
35.530914,-16.010191
-18.662235,-5.1644645
-46.220135,-4.083394
-62.602364,-10.486211
-57.53728,-12.326073
-48.216866,-7.87447
-50.976334,-10.815241
-25.173702,17.160807
26.016758,-8.057165
25.294058,-5.1879497
-28.347012,19.365076
-51.75148,-11.451481
-53.08741,-11.973262
-14.577179,-20.072987
-25.252968,17.22416
-6.4489202,-26.960585
-56.396873,-12.185415
-57.186115,-12.006893
-47.865097,-7.5489364
38.960922,-15.285987
14.523257,20.220922
50.340813,-1.7081146
1.4781276,2.1732395
24.332193,3.1722825
-19.882528,6.743154
2.2735982,-23.5436
12.543969,20.528275
-47.736225,-6.961736
-60.070812,-11.463837
-64.35334,-9.940761
-65.66345,-9.566052
-65.762405,-9.514353
-66.245705,-9.06814
-20.132807,9.320601
40.660236,-14.41595
50.909836,-0.9965222
-29.830832,19.12248
-55.45956,-12.186392
